{"graph": {"_type": "graph-file", "sha256": "d0ef212ad548b2644f856f6c849e4913d381f13efb5d71a3e5a0287a063addd3", "size": 1667, "path": "media/graph/graph_summary_d0ef212ad548b2644f85.graph.json"}, "epoch": 14, "_timestamp": 1699117436.6952214, "loss": 0.17164844274520874, "accuracy": 0.9703166484832764, "val_loss": 0.1230580061674118, "val_accuracy": 0.9848999977111816, "_runtime": 1876.0167863368988, "_step": 14, "best_val_loss": 0.1230580061674118, "best_epoch": 14, "_wandb": {"runtime": 1869}}