{"graph": {"_type": "graph-file", "sha256": "7b089197ea369fc2149bb4c7b351c32d27ee1fb224d1b8d987148c8de4d0c6e6", "size": 1670, "path": "media/graph/graph_summary_7b089197ea369fc2149b.graph.json"}, "epoch": 14, "_timestamp": 1699121612.519762, "loss": 0.1719399243593216, "accuracy": 0.9744499921798706, "val_loss": 0.135443776845932, "val_accuracy": 0.9865999817848206, "_runtime": 1604.9659371376038, "_step": 14, "best_val_loss": 0.13310405611991882, "best_epoch": 13, "_wandb": {"runtime": 1602}}