{"graph": {"_type": "graph-file", "sha256": "f0c8c9405ef579de7b5ede31a395ecb4492f83d74a82d4a5e0690602eb1a42b0", "size": 1668, "path": "media/graph/graph_summary_f0c8c9405ef579de7b5e.graph.json"}, "epoch": 0, "_timestamp": 1699113720.8952425, "loss": 1.537605881690979, "accuracy": 0.81086665391922, "val_loss": 0.23989419639110565, "val_accuracy": 0.9639999866485596, "_runtime": 87.62533450126648, "_step": 0, "best_val_loss": 0.23989419639110565, "best_epoch": 0, "_wandb": {"runtime": 89}}