{"graph": {"_type": "graph-file", "sha256": "cd374fafc916f4313ad9ed8ac975355c5c10aaf511c3cef5c984b4881bf060d9", "size": 1669, "path": "media/graph/graph_summary_cd374fafc916f4313ad9.graph.json"}, "epoch": 14, "_timestamp": 1699126309.4754603, "loss": 0.1883583813905716, "accuracy": 0.9743333458900452, "val_loss": 0.14617568254470825, "val_accuracy": 0.984499990940094, "_runtime": 1108.5647292137146, "_step": 14, "best_val_loss": 0.14617568254470825, "best_epoch": 14, "_wandb": {"runtime": 1099}}