{"graph": {"_type": "graph-file", "sha256": "9c09050a014cc53a936b5f852eabd30a2fd2565c18b4b5d9d541eff9cacafc3a", "size": 1668, "path": "media/graph/graph_summary_9c09050a014cc53a936b.graph.json"}, "epoch": 14, "_timestamp": 1699115537.369773, "loss": 0.17301629483699799, "accuracy": 0.9736166596412659, "val_loss": 0.13136827945709229, "val_accuracy": 0.9869999885559082, "_runtime": 1299.092614889145, "_step": 14, "best_val_loss": 0.12711407244205475, "best_epoch": 12, "_wandb": {"runtime": 1292}}