{"graph": {"_type": "graph-file", "sha256": "10e7982699fb5c89808bafac45f7e606f4de3fc109dda6a79c4d040333482837", "size": 1669, "path": "media/graph/graph_summary_10e7982699fb5c89808b.graph.json"}, "epoch": 0, "_timestamp": 1699113845.3046007, "loss": 0.5754764080047607, "accuracy": 0.9034833312034607, "val_loss": 0.2678834795951843, "val_accuracy": 0.9699000120162964, "_runtime": 91.74490070343018, "_step": 0, "best_val_loss": 0.2678834795951843, "best_epoch": 0, "_wandb": {"runtime": 89}}