{"graph": {"_type": "graph-file", "sha256": "c28b38f830a9e24c7efeaa27874f26a5b5b7ab430aabc2f94d1fd390ce56fd5e", "size": 1672, "path": "media/graph/graph_summary_c28b38f830a9e24c7efe.graph.json"}, "epoch": 14, "_timestamp": 1699118268.607248, "loss": 0.2624652683734894, "accuracy": 0.9665499925613403, "val_loss": 0.21323499083518982, "val_accuracy": 0.9804999828338623, "_runtime": 813.8217489719391, "_step": 14, "best_val_loss": 0.18709929287433624, "best_epoch": 12, "_wandb": {"runtime": 811}}