{"batch/loss": 0.6602739691734314, "batch/accuracy": 0.9361968636512756, "batch/batch_step": 18740, "batch/learning_rate": 0.004999999888241291, "_timestamp": 1699015308.0909796, "_runtime": 671.9838726520538, "_step": 1879, "epoch/loss": 0.6604768633842468, "epoch/accuracy": 0.9361000061035156, "epoch/val_loss": 0.48088538646698, "epoch/val_accuracy": 0.9797000288963318, "epoch/epoch": 4, "epoch/learning_rate": 0.004999999888241291, "_wandb": {"runtime": 668}}