{"graph": {"_type": "graph-file", "sha256": "beac44a2c9bf5d4487df09cfcd5c783653c89378a4512f129f4e90a6c4c8713c", "size": 1668, "path": "media/graph/graph_summary_beac44a2c9bf5d4487df.graph.json"}, "epoch": 0, "_timestamp": 1699114001.6007535, "loss": 0.6166439652442932, "accuracy": 0.8894666433334351, "val_loss": 0.26988282799720764, "val_accuracy": 0.9585000276565552, "_runtime": 72.22652745246887, "_step": 0, "best_val_loss": 0.26988282799720764, "best_epoch": 0, "_wandb": {"runtime": 69}}