{"graph": {"_type": "graph-file", "sha256": "ecc499cb18f090e0e8c77a3beb5f944cb88ee9d7b7257248bbb2929422cca888", "size": 1668, "path": "media/graph/graph_summary_ecc499cb18f090e0e8c7.graph.json"}, "epoch": 14, "_timestamp": 1699122507.0527775, "loss": 0.18851368129253387, "accuracy": 0.9711999893188477, "val_loss": 0.1361619383096695, "val_accuracy": 0.9884999990463257, "_runtime": 866.1155636310577, "_step": 14, "best_val_loss": 0.1216244027018547, "best_epoch": 13, "_wandb": {"runtime": 860}}