{"graph": {"_type": "graph-file", "sha256": "1ebab4fbdf4b85d798a85f449eca70c55213c193c0b32d256667acfe51fa0215", "size": 1671, "path": "media/graph/graph_summary_1ebab4fbdf4b85d798a8.graph.json"}, "epoch": 14, "_timestamp": 1699125167.9055817, "loss": 0.2622467279434204, "accuracy": 0.9707333445549011, "val_loss": 0.22060759365558624, "val_accuracy": 0.979200005531311, "_runtime": 896.2114818096161, "_step": 14, "best_val_loss": 0.18284915387630463, "best_epoch": 13, "_wandb": {"runtime": 890}}