{"graph": {"_type": "graph-file", "sha256": "fd3a8b8a5b75be7f82c1e6099e1b590161f047369afc7066d4efb29c93e25486", "size": 1671, "path": "media/graph/graph_summary_fd3a8b8a5b75be7f82c1.graph.json"}, "epoch": 14, "_timestamp": 1699123349.027471, "loss": 0.169999897480011, "accuracy": 0.970216691493988, "val_loss": 0.13938678801059723, "val_accuracy": 0.9800000190734863, "_runtime": 819.7087330818176, "_step": 14, "best_val_loss": 0.13106173276901245, "best_epoch": 11, "_wandb": {"runtime": 816}}