{"graph": {"_type": "graph-file", "sha256": "cfc47d5d8daf9cf1857e9437bd9063422a2199833accfee85387332a0c0828ba", "size": 1665, "path": "media/graph/graph_summary_cfc47d5d8daf9cf1857e.graph.json"}, "epoch": 11, "_timestamp": 1699129706.1408777, "loss": 0.2108922302722931, "accuracy": 0.9683333039283752, "val_loss": 0.1631058156490326, "val_accuracy": 0.9824000000953674, "_runtime": 667.678644657135, "_step": 11, "best_val_loss": 0.14899326860904694, "best_epoch": 7}