{"epoch/loss": 0.6232566237449646, "epoch/accuracy": 0.9057166576385498, "epoch/val_loss": 0.2693382203578949, "epoch/val_accuracy": 0.9706000089645386, "epoch/epoch": 0, "epoch/learning_rate": 0.0010000000474974513, "_timestamp": 1699016272.7087445, "_runtime": 128.88099241256714, "_step": 0}