{"graph": {"_type": "graph-file", "sha256": "e97e0e6d075ccecce86fd7058c7f0a5f42362da0474216447441047411b2d4fa", "size": 1670, "path": "media/graph/graph_summary_e97e0e6d075ccecce86f.graph.json"}, "epoch": 14, "_timestamp": 1699119983.415937, "loss": 0.16375714540481567, "accuracy": 0.9749333262443542, "val_loss": 0.12715663015842438, "val_accuracy": 0.9843000173568726, "_runtime": 1693.8061180114746, "_step": 14, "best_val_loss": 0.12367673218250275, "best_epoch": 12, "_wandb": {"runtime": 1690}}