{"graph": {"_type": "graph-file", "sha256": "ecc499cb18f090e0e8c77a3beb5f944cb88ee9d7b7257248bbb2929422cca888", "size": 1668, "path": "media/graph/graph_summary_ecc499cb18f090e0e8c7.graph.json"}, "epoch": 14, "_timestamp": 1699124249.6395438, "loss": 0.18652945756912231, "accuracy": 0.9713166952133179, "val_loss": 0.13242951035499573, "val_accuracy": 0.9858999848365784, "_runtime": 876.8448388576508, "_step": 14, "best_val_loss": 0.13242951035499573, "best_epoch": 14, "_wandb": {"runtime": 871}}