{"graph": {"_type": "graph-file", "sha256": "f0c8c9405ef579de7b5ede31a395ecb4492f83d74a82d4a5e0690602eb1a42b0", "size": 1668, "path": "media/graph/graph_summary_f0c8c9405ef579de7b5e.graph.json"}, "epoch": 1, "_timestamp": 1699126455.8397746, "loss": 0.3274112641811371, "accuracy": 0.9465333223342896, "val_loss": 0.23583266139030457, "val_accuracy": 0.9708999991416931, "_runtime": 127.50469470024109, "_step": 1, "best_val_loss": 0.23583266139030457, "best_epoch": 1}