{"graph": {"_type": "graph-file", "sha256": "c18234dc31d9acf121c8fa585c4e4ddd6241204bedabc8692c16d9e2d0bf7eaf", "size": 1668, "path": "media/graph/graph_summary_c18234dc31d9acf121c8.graph.json"}, "epoch": 19, "_timestamp": 1699129019.6852846, "loss": 0.1968623399734497, "accuracy": 0.9704999923706055, "val_loss": 0.13586774468421936, "val_accuracy": 0.9868999719619751, "_runtime": 1371.9627306461334, "_step": 19, "best_val_loss": 0.13586774468421936, "best_epoch": 19, "_wandb": {"runtime": 1370}}