{"batch/loss": 0.4182186722755432, "batch/accuracy": 0.9389244914054871, "batch/batch_step": 4100, "batch/learning_rate": 0.0010000000474974513, "_timestamp": 1699015511.5495703, "_runtime": 171.77833032608032, "_step": 411, "epoch/loss": 0.5962047576904297, "epoch/accuracy": 0.9102166891098022, "epoch/val_loss": 0.31535834074020386, "epoch/val_accuracy": 0.9678000211715698, "epoch/epoch": 0, "epoch/learning_rate": 0.0010000000474974513}